{"IT": 2.985714285714286, "3D": 4.1875, "ROBO": 3.622222222222222, "BIO": 3.34, "SOC": 3.3, "MATH": 3.688888888888888, "PYSH": 3.9285714285714284}